longitude,latitude
8.194354117101050861e+01,1.404077048110062620e+01
8.195350334438943207e+01,1.402036150620126520e+01
8.197666240931336290e+01,1.399099489478701486e+01
8.198982871671209693e+01,1.397087594516928277e+01
8.191526480645256925e+01,1.401327618810204356e+01
8.195273684496110889e+01,1.398599115496973333e+01
8.197634681917209321e+01,1.404662888697761858e+01
8.195455840087849708e+01,1.399320843254728786e+01
8.196371159534820094e+01,1.398930860244682783e+01
8.194075086157262433e+01,1.402324981385155489e+01
8.197502204575346241e+01,1.398911951086796890e+01
8.196940454502497175e+01,1.399569799436500617e+01
8.197264812853819649e+01,1.401274647114609095e+01
8.200491942296987702e+01,1.400319633901354344e+01
8.195780997459756634e+01,1.402113451576778580e+01
8.195484194264538758e+01,1.402331385326720969e+01
8.196620574384519387e+01,1.402168262900751117e+01
8.194477307637143326e+01,1.402024927571469881e+01
8.195805089599426196e+01,1.401856308054735401e+01
8.196523773251335854e+01,1.402460003059231752e+01
8.195598771335028232e+01,1.398838766700873038e+01
8.195063120890362995e+01,1.400077730846679458e+01
8.199519867759553904e+01,1.400800609471835045e+01
8.195877409191568574e+01,1.400416612493869017e+01
8.196518735342162643e+01,1.401595999904034784e+01
8.195471904744034930e+01,1.398626151558257824e+01
8.196578523282434503e+01,1.402820935142363368e+01
8.197861670305454140e+01,1.398472517484240463e+01
8.198057779608294027e+01,1.399383850302506538e+01
8.197308784299467277e+01,1.403049501548798617e+01
8.200534646529740712e+01,1.398872031769709423e+01
8.197184046129980572e+01,1.398859669573298881e+01
8.195588755924136137e+01,1.401147308118632395e+01
8.195611908957752689e+01,1.401166645821676759e+01
8.196138771858021244e+01,1.397001837733262342e+01
8.197848753279876632e+01,1.398076762611481705e+01
8.196985518648112645e+01,1.398311044198545083e+01
8.195126101467675994e+01,1.400536998331508620e+01
8.195066043390463051e+01,1.397940538009171796e+01
8.196816712084003598e+01,1.397303265347266965e+01
8.195888498193673399e+01,1.396209296059911509e+01
8.197431209660427953e+01,1.398930954747295274e+01
8.195408390915675056e+01,1.402913267069899916e+01
8.197032863661674185e+01,1.400446002068523654e+01
8.196406985990840610e+01,1.400785026517665877e+01
8.199189069581782974e+01,1.399630637543466349e+01
8.197139876123939928e+01,1.400235802119382811e+01
8.195608848024181725e+01,1.399142046728005440e+01
8.195154026429635508e+01,1.399620438927455979e+01
8.194686525770040930e+01,1.403464621359358233e+01
8.196807640074658252e+01,1.401752092285352447e+01
8.196256354998236304e+01,1.399736875562736493e+01
8.194633533418603122e+01,1.405404652791054865e+01
8.193943347637068086e+01,1.403187760699160158e+01
8.196568478491860787e+01,1.402312362664454248e+01
8.194858863761571399e+01,1.402984575251611510e+01
8.197848287667790146e+01,1.397153252976677962e+01
8.197590070569000886e+01,1.397992198230300254e+01
8.196707844087511319e+01,1.397972175389721983e+01
8.196205894258689284e+01,1.397936529671505745e+01
8.192266710290201104e+01,1.402160257799666176e+01
8.194583867812258404e+01,1.401459433819502998e+01
8.195697613721722519e+01,1.399248223915817313e+01
8.196132717242994659e+01,1.399907471133846038e+01
8.198176700394635930e+01,1.401241105166651835e+01
8.197322349567228628e+01,1.401507036328909805e+01
8.194847145421330481e+01,1.401980686744584226e+01
8.195947258725153972e+01,1.399282361296598332e+01
8.198345927831155677e+01,1.400923619404630038e+01
8.195812972975933519e+01,1.402377223702946907e+01
8.193663629202207233e+01,1.400970990973870123e+01
8.194438172131005160e+01,1.400351046603581295e+01
8.193439969251375032e+01,1.402938475923296480e+01
8.196839637176063320e+01,1.398496580209335605e+01
8.196477400319076878e+01,1.400041510075172368e+01
8.197602253765995783e+01,1.399899137311980368e+01
8.196225819379340294e+01,1.405155931287439763e+01
8.196472234339445606e+01,1.402415456802895477e+01
8.197899575162398378e+01,1.399401654824649377e+01
8.199086304258874236e+01,1.401626922848326551e+01
8.195726590246668763e+01,1.397641074271739647e+01
8.195167896010340769e+01,1.400242585833443698e+01
8.198256442890095741e+01,1.399804731998798069e+01
8.196404485888687930e+01,1.397527002512063277e+01
8.195048488386011343e+01,1.404861358709460539e+01
8.196667644030911504e+01,1.402348944883952875e+01
8.196750167268923803e+01,1.397813531571239487e+01
8.195567481465927528e+01,1.398424799519700379e+01
8.196601452407101362e+01,1.399878346455946243e+01
8.195562525334102588e+01,1.401829096284572707e+01
8.196005502597539305e+01,1.396782489456292353e+01
8.195061112343643117e+01,1.402918504405824152e+01
8.195006696359536136e+01,1.403591632804169542e+01
8.196967130341194263e+01,1.397719961641075592e+01
8.194349789655846905e+01,1.400715818551242009e+01
8.193389636454628544e+01,1.403599298031750031e+01
8.194507469704709024e+01,1.400872863935246748e+01
8.195712636257114525e+01,1.402134504709507645e+01
8.196217895815284749e+01,1.400149561136879228e+01
8.194375969023342066e+01,1.398633046704565785e+01
8.195842565406893243e+01,1.402064077634303629e+01
8.197754477390627414e+01,1.399232874490362022e+01
8.195906765072992073e+01,1.400761655472645550e+01
8.196628008434888102e+01,1.397859571919950028e+01
8.193778654020208307e+01,1.401990214189971873e+01
8.196468325366306829e+01,1.403950963935772123e+01
8.194914008756201440e+01,1.400189825284361689e+01
8.196104206264847392e+01,1.401127383279317939e+01
8.198797527967983001e+01,1.397409415770544960e+01
8.197384193867908664e+01,1.399856509034798435e+01
8.197311791016299765e+01,1.395889367954962346e+01
8.197641014403600934e+01,1.401323113815709576e+01
8.196017069496487295e+01,1.397748260666749509e+01
8.193366432408613775e+01,1.404329114999051242e+01
8.197388369154329268e+01,1.399579025877341287e+01
8.199312896941083295e+01,1.397974724966320714e+01
8.195693663156497166e+01,1.401729865002839226e+01
8.195628675451646927e+01,1.403336059174474038e+01
8.198939588204072493e+01,1.397357800033478981e+01
8.195621183090534601e+01,1.405873312097830308e+01
8.196429634884039217e+01,1.396088238656911606e+01
8.196639984670729007e+01,1.399057313052806251e+01
8.198279146494292036e+01,1.401106155052759128e+01
8.198403995893859530e+01,1.399326220044129876e+01
8.198741581072395945e+01,1.402495685309341589e+01
8.195497180269752846e+01,1.400110874152785634e+01
8.198828524872909895e+01,1.400497196555047630e+01
8.194522559676433104e+01,1.403814839881898280e+01
8.196132425794328924e+01,1.400088981493534313e+01
8.195529384588971311e+01,1.395195244449460681e+01
8.196899493522421665e+01,1.403170719908082553e+01
8.195684995924875693e+01,1.404656358302562325e+01
8.197998021005753344e+01,1.399201788610105091e+01
8.195540731914907440e+01,1.397651175626496212e+01
8.195318129442055977e+01,1.400068102037495521e+01
8.195889569016554788e+01,1.400523037594185283e+01
8.197230656689106354e+01,1.401457260285866369e+01
8.198717771384572472e+01,1.399587959763194078e+01
8.199150312511575578e+01,1.401403421144473249e+01
8.200933680640063983e+01,1.399652029984352630e+01
8.198394494747094541e+01,1.396736853211204910e+01
8.194950494213519221e+01,1.406039277553374944e+01
8.195479212618317888e+01,1.405491646849910481e+01
8.197329899543029796e+01,1.400373600833109577e+01
8.194706089611256061e+01,1.401990027708253628e+01
8.194420774099970117e+01,1.400232412708161078e+01
8.197192245820208711e+01,1.399944959348635720e+01
8.196389823776927130e+01,1.397869930672709060e+01
8.196351186812131573e+01,1.400168882056267705e+01
8.193874817558824475e+01,1.401302317342203807e+01
8.197030592582072472e+01,1.404441388172709360e+01
8.194902741933671564e+01,1.400145438405829701e+01
8.196077771627368236e+01,1.404676207539392152e+01
8.195601762365262744e+01,1.399974917353218729e+01
8.195189302932780606e+01,1.401673988807557691e+01
8.198863160067188005e+01,1.399882275196914350e+01
8.198272399306189584e+01,1.400684645199161338e+01
8.198288928154036626e+01,1.399273372446758401e+01
8.195423591556487963e+01,1.402235459586236743e+01
8.194353367983150349e+01,1.404598412734266510e+01
8.194183865561566904e+01,1.399407941350557572e+01
8.194918014842293985e+01,1.402153117622317247e+01
8.198908068094499413e+01,1.398653666784278471e+01
8.196860881764915518e+01,1.399169240065487330e+01
8.198988724666911310e+01,1.398378773212171211e+01
8.196561250423320644e+01,1.397110793652335481e+01
8.200888085029771446e+01,1.399267277708292312e+01
8.197414970211418961e+01,1.399746059958068400e+01
8.195639876148682390e+01,1.399162367120398542e+01
8.194400310727101555e+01,1.398210808629476887e+01
8.195693644577792725e+01,1.401685909186164203e+01
8.195201679686276464e+01,1.399730557697392008e+01
8.192901693760232718e+01,1.400342692058807614e+01
8.194020137842395002e+01,1.400768838600017396e+01
8.194522450145876746e+01,1.403307912585002626e+01
8.195998072608564655e+01,1.402258618364807319e+01
8.200319472935755982e+01,1.402998266370101632e+01
8.194180506226921068e+01,1.401783928734174012e+01
8.197141988449038763e+01,1.400603443271315207e+01
8.198461253382616576e+01,1.400977323651493478e+01
8.198267201307098162e+01,1.399527954609287583e+01
8.197373928757208716e+01,1.400256803083448354e+01
8.197007926112996756e+01,1.402980901747985776e+01
8.197624748527381655e+01,1.400848063050305647e+01
8.199557496978454196e+01,1.398472400852657671e+01
8.198524552316278857e+01,1.398022901637288484e+01
8.198035485090355223e+01,1.401741802610219878e+01
8.195952073611252331e+01,1.401727279253648639e+01
8.195539679489934315e+01,1.399815642540153782e+01
8.198415182850357041e+01,1.400418466749944457e+01
8.198690172662479370e+01,1.401694797265488823e+01
8.196739718614190906e+01,1.400826769586753251e+01
8.196993123730362640e+01,1.402753092529056467e+01
8.197574701861746860e+01,1.396914976198801206e+01
8.195538276265790500e+01,1.400101450505517953e+01
8.193472843050894028e+01,1.401985244614635384e+01
8.196747091574576416e+01,1.398303706415028635e+01
8.195809033010834810e+01,1.398528767897634495e+01
8.196710331650390913e+01,1.399419741025618080e+01
8.196761554098141289e+01,1.399435486481829649e+01
8.199047321470965244e+01,1.403144189303382383e+01
8.199302316623214892e+01,1.400057125877340880e+01
8.195906924224503598e+01,1.400138236374174383e+01
8.198006450594206740e+01,1.399908699081239938e+01
8.193541195242350739e+01,1.404807307863025834e+01
8.197067537876561971e+01,1.398592919588056027e+01
8.193484224896830881e+01,1.404045170666951314e+01
8.195010118339240535e+01,1.401551448619963480e+01
8.193843253595429132e+01,1.403205710800236794e+01
8.197020162997009152e+01,1.400581349636320816e+01
8.197265003946114348e+01,1.398947812935554147e+01
8.194393867416548005e+01,1.402904963234135138e+01
8.197230264983120662e+01,1.399162007023081777e+01
8.194888636795177206e+01,1.402133230873447189e+01
8.198851435148000633e+01,1.401600948095735610e+01
8.195528045336095602e+01,1.400574741451979754e+01
8.195905738587173062e+01,1.400112469199955179e+01
8.197421304700063160e+01,1.400794681867711056e+01
8.195486555376008653e+01,1.398974421776377675e+01
8.194838157805689605e+01,1.401461630480866027e+01
8.197320184976845781e+01,1.399139631161968644e+01
8.195621196651555351e+01,1.404301812028378826e+01
8.197295291896224967e+01,1.396331524242448019e+01
8.195479251806020216e+01,1.399004215081988889e+01
8.197032163608157873e+01,1.398704332584956234e+01
8.195962527121770336e+01,1.401014080083229985e+01
8.200986440576838277e+01,1.399398292304310232e+01
8.200128809570459509e+01,1.400402685539593328e+01
8.195888383185679515e+01,1.398700380299194279e+01
8.195654476161035973e+01,1.397999948661292002e+01
8.194698250985210564e+01,1.402367416264709199e+01
8.195642859540511438e+01,1.403383317466338376e+01
8.196789078148735541e+01,1.400723460659018826e+01
8.196475428532937713e+01,1.401411771971713094e+01
8.194610985364353439e+01,1.403296074401391458e+01
8.195590767268083709e+01,1.403934038280148933e+01
8.195199255432946472e+01,1.404648590799666508e+01
8.196627076906518994e+01,1.399454211426213313e+01
8.194664619591945609e+01,1.399797361532897710e+01
8.196694787703449947e+01,1.398399266601064461e+01
8.195891289191753515e+01,1.401107853862762020e+01
8.195620382961108419e+01,1.403786667905207430e+01
8.196074282555395030e+01,1.398898263424852217e+01
8.195170997085693898e+01,1.398408600341399755e+01
8.201937878542922533e+01,1.399631314093531387e+01
8.194621310921633039e+01,1.402433864074624736e+01
8.195994117612170271e+01,1.401487636176047502e+01
8.199897913425775187e+01,1.399975992218130294e+01
8.200983136019712560e+01,1.399332077052998891e+01
8.196146506568213397e+01,1.398640024753437494e+01
8.194664080058961986e+01,1.404432880376093529e+01
8.196466737424809423e+01,1.400036223714589845e+01
8.200046633663355067e+01,1.399195277796619230e+01
8.194551196811265470e+01,1.404772658180667300e+01
8.198423257153984878e+01,1.402557394309701522e+01
8.197596206335987290e+01,1.400101700138141680e+01
8.197814086834310388e+01,1.396813517179498376e+01
8.194770206221724607e+01,1.401921876663488575e+01
8.195300148787754324e+01,1.402585290865534517e+01
8.195791322866047324e+01,1.399794112738618956e+01
8.194501479355852780e+01,1.404874350930925786e+01
8.196363773466597991e+01,1.399993621142555789e+01
8.197490156866747668e+01,1.401401662315554120e+01
8.195226783118482672e+01,1.401391652383171760e+01
8.195814775625028403e+01,1.400602727728657371e+01
8.198530870211905608e+01,1.397999300813737911e+01
8.197679473889536439e+01,1.399186025831713920e+01
8.197077143039221880e+01,1.399778650674379499e+01
8.195667178593527069e+01,1.398816949632697515e+01
8.197270254860036687e+01,1.402833781693197857e+01
8.195529810584582719e+01,1.402567866521018480e+01
8.198379193503041051e+01,1.402385606832746490e+01
8.197958127725543420e+01,1.401648557722816157e+01
8.200644249341108605e+01,1.403294907713444140e+01
8.196173261479083294e+01,1.398407061559132813e+01
8.195974657332487823e+01,1.398834121292653165e+01
8.196758418673080371e+01,1.399086497869142498e+01
8.194490241432482946e+01,1.402594054394077006e+01
8.199590205021644351e+01,1.400665613814576282e+01
8.195833041139609065e+01,1.396215159939182726e+01
8.198323135462408118e+01,1.400197990164336836e+01
8.195796811861377762e+01,1.403819444978585551e+01
8.198137024933143380e+01,1.403483908203403629e+01
8.195607348711945406e+01,1.401157297249909917e+01
8.195763861388692817e+01,1.399537958820746120e+01
8.196615336980234190e+01,1.399085049797330704e+01
8.195198079419532178e+01,1.399743411888722022e+01
8.195618819548226952e+01,1.400076053166452184e+01
8.195339931604861761e+01,1.398183265356034077e+01
8.196023298742423435e+01,1.400650497344723355e+01
8.196613850052915495e+01,1.399153055441134441e+01
8.196363826128177266e+01,1.398982303885938983e+01
8.198820347394105568e+01,1.402743978904301514e+01
8.195525765542937791e+01,1.407550495620581898e+01
8.196194887060750034e+01,1.396364255659522335e+01
8.194580756235257013e+01,1.403361399134689158e+01
8.195329876684427006e+01,1.401388621650662003e+01
8.195106724681538424e+01,1.402614718836593255e+01
8.195152758129140125e+01,1.404097443099481168e+01
8.196653803255654225e+01,1.401220949468182297e+01
8.199513584270904687e+01,1.397629533543886460e+01
8.195578277644695220e+01,1.399071493927175602e+01
8.196984582878073411e+01,1.398630993996669147e+01
8.196333578406049014e+01,1.400878382635416308e+01
8.196194075927448353e+01,1.403686060634079880e+01
8.193964372435108601e+01,1.404196361453707276e+01
8.195514160286204230e+01,1.400606591095245790e+01
8.196296915991754872e+01,1.399406470910837719e+01
8.199202470976665325e+01,1.399761668411956350e+01
8.198911686169846291e+01,1.397813371966085327e+01
8.201219286231915362e+01,1.399894694773955450e+01
8.198188688614338560e+01,1.399899110264384916e+01
8.197968472640704363e+01,1.400428288066947147e+01
8.196246172377152561e+01,1.398676010323417351e+01
8.197810680795790006e+01,1.398794553338289681e+01
8.196104484106803056e+01,1.400579995734033822e+01
8.196543235522942439e+01,1.399670375943016865e+01
8.195487352333032050e+01,1.401904564300170364e+01
8.197042448685085958e+01,1.399445471453438294e+01
8.191525462975234007e+01,1.401447670773915810e+01
8.197493664239324573e+01,1.400149124712805992e+01
8.195187976541039632e+01,1.405835166277556247e+01
8.197024223227867878e+01,1.397163478969580552e+01
8.197585981741761429e+01,1.398632210211789761e+01
8.198074229928371892e+01,1.394679363817919793e+01
8.197668255268038706e+01,1.400436376904888114e+01
8.195749995080645078e+01,1.399349210437702951e+01
8.198097130426071999e+01,1.398282070889273321e+01
8.194742790486330364e+01,1.405254737987844571e+01
8.193788556422676095e+01,1.396896646073810011e+01
8.200678472330113777e+01,1.400782873210210333e+01
8.195860376503155464e+01,1.403066582866704337e+01
8.196046977448855841e+01,1.396428362203531925e+01
8.194447295787698238e+01,1.401290083565389111e+01
8.196020053887455958e+01,1.399685818522821457e+01
8.194408223887539577e+01,1.402518163939951990e+01
8.196363876533325765e+01,1.399612190313349380e+01
8.195913689728125462e+01,1.401449732777244073e+01
8.198423482896518522e+01,1.401239531979511099e+01
8.197835898893573869e+01,1.399340104690339537e+01
8.195958676164693202e+01,1.406042265144597891e+01
8.197185433215970818e+01,1.400605305133358236e+01
8.195602961493202088e+01,1.401587728102698627e+01
8.196468485584907171e+01,1.402083671413606858e+01
8.202722010797151597e+01,1.400275122735932420e+01
8.194584212180738803e+01,1.401797496170969737e+01
8.195394107148909768e+01,1.404632235687308572e+01
8.196606468815575397e+01,1.402224741991085288e+01
8.193693471411091878e+01,1.401942712036527361e+01
8.198454043352063536e+01,1.398855021086262873e+01
8.194901725903565648e+01,1.401867319873738005e+01
8.197427207446669684e+01,1.400131425371084326e+01
8.196100400254267981e+01,1.402251783642551963e+01
8.196596504197792399e+01,1.399432438178306271e+01
8.198315291385921455e+01,1.400492840290529450e+01
8.196519581595138959e+01,1.399793296235770335e+01
8.196984168093401024e+01,1.400894361561153190e+01
8.197005894833100115e+01,1.400725505695808337e+01
8.195629480732139882e+01,1.398262174642272093e+01
8.198585030851903355e+01,1.402343855933905026e+01
8.195532108063115118e+01,1.400452738787446094e+01
8.198614846727805627e+01,1.397169232960306218e+01
8.198175114540799768e+01,1.400522965706291423e+01
8.194953226160103554e+01,1.402848246540620281e+01
8.196115721834715373e+01,1.398902093017411730e+01
8.198212656259275377e+01,1.401134123901908701e+01
8.194028115335541429e+01,1.400610391264610399e+01
8.194842687908945322e+01,1.401169942178158401e+01
8.196588336949861286e+01,1.399091054702679315e+01
8.199375375182783898e+01,1.400722941025181534e+01
8.196301615072592028e+01,1.399721627410655422e+01
8.198839422849923153e+01,1.398615928463337355e+01
8.197487627454538028e+01,1.399625269250386594e+01
8.197206650730055344e+01,1.398999181576475337e+01
8.195866379073353869e+01,1.395859692094959037e+01
8.199387757693476431e+01,1.396508412564861779e+01
8.197631451272222591e+01,1.399218703967533095e+01
8.193534076300454672e+01,1.402763845937036535e+01
8.198802358264474321e+01,1.400938794888286942e+01
8.196687892294454514e+01,1.400716759921176013e+01
8.196417035777524518e+01,1.401917736411133930e+01
8.199831107286047427e+01,1.403366213980555877e+01
8.194197467555808601e+01,1.402994585687150320e+01
8.194915325255824712e+01,1.398917290349048592e+01
8.193918544959851147e+01,1.400935678757370439e+01
8.195493193907346097e+01,1.400941938848896307e+01
8.197695851932326150e+01,1.402735090738393886e+01
8.197973965247008721e+01,1.397546288315635010e+01
8.194056611246894306e+01,1.398628462990187948e+01
8.194583977689822518e+01,1.403074335845730225e+01
8.193601128669639877e+01,1.404024138897722906e+01
8.195386417363762632e+01,1.400423970177488364e+01
8.195169516957464850e+01,1.398220874041246908e+01
8.196827330724553917e+01,1.401468213857329204e+01
8.198359318905691850e+01,1.399253583885835184e+01
8.195439831638081785e+01,1.402415740853910009e+01
8.196221870488577110e+01,1.397717985060547363e+01
8.195320474507371955e+01,1.399049338991403424e+01
8.197462002484715526e+01,1.400456903247973983e+01
8.195290072986037444e+01,1.399396044199985489e+01
8.195131687468375503e+01,1.403700260752221673e+01
8.196746593496136768e+01,1.401173167506348172e+01
8.197521221761431320e+01,1.399027911170740168e+01
8.198100317222180422e+01,1.402730136545799056e+01
8.195825141099713562e+01,1.399584212510866976e+01
8.196756143715235510e+01,1.403280646783550978e+01
8.195481994068019560e+01,1.399016737429916191e+01
8.197533986280461704e+01,1.396226832663379369e+01
8.194293867463410663e+01,1.402066779610567693e+01
8.194978146910028727e+01,1.398785455005388201e+01
8.194920118446448498e+01,1.399444564457003892e+01
8.194401079736410054e+01,1.406656086443737763e+01
8.195023856158017850e+01,1.403895521186707285e+01
8.198902152324812675e+01,1.396483371264890394e+01
8.194711683392515056e+01,1.403874080298038862e+01
8.195600013538485484e+01,1.402153745043304056e+01
8.200362492768901745e+01,1.400243495142335348e+01
8.198809062786507695e+01,1.400124558563177679e+01
8.195468639745014627e+01,1.402299231058518991e+01
8.199131952964896186e+01,1.397611591627728167e+01
8.197307142644665134e+01,1.399583994237393902e+01
8.194708314713841446e+01,1.403016758449115642e+01
8.196819015712961232e+01,1.399756732969182593e+01
8.194932933411622855e+01,1.399803943030669373e+01
8.194268051703573974e+01,1.403401497339105042e+01
8.195740343671891992e+01,1.403866100413700480e+01
8.199511956116464262e+01,1.400079151125153665e+01
8.197155520858467526e+01,1.401453628439028343e+01
8.194902853090536610e+01,1.402801573120594902e+01
8.198922143530984386e+01,1.400613250409904609e+01
8.192783821598193583e+01,1.404510353236355691e+01
8.195231819846088683e+01,1.401707390123691788e+01
8.197283498501010968e+01,1.402849576965505740e+01
8.195488663156511677e+01,1.407205365234644745e+01
8.200043922191986212e+01,1.399547977703448964e+01
8.197175399307249677e+01,1.401520137674172339e+01
8.196419182441999851e+01,1.398233829989143118e+01
8.195100608677977050e+01,1.397105019417896976e+01
8.193999772374529300e+01,1.404974128975456793e+01
8.196186247978263850e+01,1.401023669789122827e+01
8.197094095785949719e+01,1.401561916128492236e+01
8.196698286808762646e+01,1.401585052479097726e+01
8.197087286560383745e+01,1.401340189285163973e+01
8.197482049751860700e+01,1.400884314520190088e+01
8.196181266934044629e+01,1.401855483588989770e+01
8.194627638357349042e+01,1.399699082459459554e+01
8.196471132513981672e+01,1.401219114962210277e+01
8.194327607697061921e+01,1.397137519277732665e+01
8.199773636435222102e+01,1.400953556688449986e+01
8.193561734982864664e+01,1.395622219022719790e+01
8.197330217711248679e+01,1.398693932302391651e+01
8.197020904008333275e+01,1.400888941693113665e+01
8.199816070196881412e+01,1.403882580764087429e+01
8.199665049617573231e+01,1.396086664805772770e+01
8.196361750652147293e+01,1.398172000335840970e+01
8.195422694272481579e+01,1.403924905039104765e+01
8.198658786868286086e+01,1.398255908919088952e+01
8.195150392611989787e+01,1.404242390612392377e+01
8.196806146492930623e+01,1.399244978066588807e+01
8.194846261410542354e+01,1.401111523458236086e+01
8.198884223069885024e+01,1.403441699815838462e+01
8.193887875517660291e+01,1.403031335813659908e+01
8.194590564118503551e+01,1.404135846288498968e+01
8.193477199095515573e+01,1.403771439802461707e+01
8.195465492656850870e+01,1.399521894816851209e+01
8.195425614494644151e+01,1.399966846781118157e+01
8.195716399285642240e+01,1.399253603683068015e+01
8.200151564847452335e+01,1.396125285455227250e+01
8.199224894110571427e+01,1.401748212627334134e+01
8.195423914886934824e+01,1.400727776915654132e+01
8.197729792018131434e+01,1.399230237800625076e+01
8.195701968208693700e+01,1.400558387915162939e+01
8.195068818570506153e+01,1.401419311205586915e+01
8.197331132916724528e+01,1.399192889368036319e+01
8.198609574088460761e+01,1.398386219477359660e+01
8.196031945171854716e+01,1.400815616686148068e+01
8.197696874813890133e+01,1.400789463716804484e+01
8.195929491101330200e+01,1.400287227982994587e+01
8.196928775610528817e+01,1.398128461297847913e+01
8.199260438327846146e+01,1.402769950430866608e+01
8.195977995440642871e+01,1.401552771525430074e+01
8.199916595799177799e+01,1.398931014186017130e+01
8.196206615601171563e+01,1.401534752362950975e+01
8.196776081165459971e+01,1.400361877714186143e+01
8.197166174008017947e+01,1.401585937741787546e+01
8.193595754098694783e+01,1.402305276249025745e+01
8.195714009493768515e+01,1.397145531451027622e+01
8.196357327802994064e+01,1.400317917549000235e+01
8.194839311643993085e+01,1.401115553691853322e+01
8.199543210343395572e+01,1.398730456575967374e+01
8.199435292956418664e+01,1.400323421120400624e+01
8.196072008939046327e+01,1.400871751339654203e+01
8.197268787372985344e+01,1.401857864329104331e+01
8.195933913541395555e+01,1.400095210296120207e+01
8.194035063024965382e+01,1.401336046517462464e+01
8.196463856891239175e+01,1.399474622236628285e+01
8.196535511848236411e+01,1.404257244741854294e+01
8.195620441273693757e+01,1.402972498435453552e+01
8.195697437523135420e+01,1.403700172818897229e+01
8.193770425438148663e+01,1.403631766890222998e+01
